metric,point,ci_low,ci_high
mean_net_order,84.33194794290513,81.80766498740554,87.07193324937028
