feature,coef
intercept,84.33194794290513
items_scaled,16.09266064807538
ship_scaled,8.274165558666976
disc_scaled,-1.7206737444870521
