step_ahead,forecast_trend,approx_ci_low,approx_ci_high
1,2462.3207307692282,-1360.4935009032715,6285.134962441728
2,2459.9469249530935,-1362.8673067194063,6282.761156625593
3,2457.573119136958,-1365.2411125355416,6280.387350809458
